project_id,acronym,title,framework,n_supported_mappings,n_strong,n_weak,n_direct,n_indirect,mapped_targets,mapping_status
101067998,ENHANCER,Engineering Hybrid Metal Nitrides/Carbon-Atom Wire Novel Materials for high-performance Electrochemical Energy Storage,HORIZON_EUROPE,3,1,2,2,1,7.a; 7.2; 9.5,MAPPED
101106480,Janina Project,What was and what could have been: Janina Hosiasson-Lindenbaum's role in the philosophy of probablity.,HORIZON_EUROPE,0,0,0,0,0,,NO_SUPPORTED_TARGET_IN_TOP10
101068089,METASCALE,Ultrafast Laser Assembly of Metasurfaces with Large Scale Fabrication Capabilities,HORIZON_EUROPE,3,1,2,3,0,9.4; 9.5; 8.2,MAPPED
101061151,B-ALLeles,High resolution dissection of non-coding determinants of disease,HORIZON_EUROPE,0,0,0,0,0,,NO_SUPPORTED_TARGET_IN_TOP10
101113180,MAG.NET,Magnetic neural Network for predictive maintenance,HORIZON_EUROPE,2,1,1,2,0,9.5; 7.3,MAPPED
101087257,METACITIES,MetaCities Excellence Hub in South-Eastern Europe,HORIZON_EUROPE,1,1,0,1,0,9.5,MAPPED
101063420,MOLA,Mobility and Life histories in the Alps - Understanding prehistoric social strategies in mountain environment,HORIZON_EUROPE,1,0,1,1,0,11.4,MAPPED
101104432,4P-CAN,Personalized CANcer Primary Prevention research through Citizen Participation and digitally enabled social innovation,HORIZON_EUROPE,4,2,2,4,0,3.d; 3.9; 3.3; 3.4,MAPPED
101070155,XR4Human,"The Equitable, Inclusive, and Human-Centered XR Project",HORIZON_EUROPE,0,0,0,0,0,,NO_SUPPORTED_TARGET_IN_TOP10
101056784,HELENUS,High Efficiency Low Emission Nautical Solid Oxide Fuel Cell,HORIZON_EUROPE,1,0,1,1,0,7.3,MAPPED
101062938,CBDHIGHBIO,"Strategies to modulate the bioavailability of cannabinoids in edible products: in vitro tests, cytotoxicity, and pre-clinical assessment to generate reliable data for regulatory agencies",HORIZON_EUROPE,0,0,0,0,0,,NO_SUPPORTED_TARGET_IN_TOP10
190104468,SOMIT-CD,Novel First-in-Class Specific Oromucosal Immunotherapy (SOMIT) to treat Celiac Disease (CD),HORIZON_EUROPE,1,1,0,1,0,3.4,MAPPED
190140124,OCEANBATTERY,Unlocking the full potential of renewable energy with the Ocean Battery,HORIZON_EUROPE,3,0,3,3,0,7.2; 7.1; 7.a,MAPPED
101096306,HEFT,"Novel concept of a low cost, high power density and highly efficient recyclable motor for next generation mass produced electric vehicles",HORIZON_EUROPE,3,1,2,3,0,9.4; 7.3; 12.5,MAPPED
101095862,INNOV-8-2-CREATE,INNOV-8-2-CREATE Cooperation through acceleration,HORIZON_EUROPE,0,0,0,0,0,,NO_SUPPORTED_TARGET_IN_TOP10
101079237,FEWL,Enhancing Research on the Integration of Formal Educational Programmes and Workplace Learning,HORIZON_EUROPE,0,0,0,0,0,,NO_SUPPORTED_TARGET_IN_TOP10
101061123,RETHINK-GSC,"Rethinking Global Supply Chains: measurement, impact and policy",HORIZON_EUROPE,0,0,0,0,0,,NO_SUPPORTED_TARGET_IN_TOP10
101093865,CLIMAREST,Coastal Climate Resilience and Marine Restoration Tools for the Arctic Atlantic basin,HORIZON_EUROPE,4,1,3,4,0,14.2; 15.5; 13.1; 14.a,MAPPED
101082633,ASAP,Automatics in Space Exploration,HORIZON_EUROPE,1,1,0,1,0,9.5,MAPPED
101121134,B-prepared,"Building PREPAREDness with Collaborative Knowledge Platform, Gamification and Serious Game in Virtual Reality",HORIZON_EUROPE,3,1,2,3,0,13.1; 11.5; 3.d,MAPPED
101114222,FG_WIT,AUTOMATED PROTOTYPE OF CANCER DETECTION FROM CTDNA,HORIZON_EUROPE,0,0,0,0,0,,NO_SUPPORTED_TARGET_IN_TOP10
101113961,AIIPDD,AI-driven IP Intelligence Engine for Drug Discovery,HORIZON_EUROPE,1,0,1,0,1,9.5,MAPPED
101058078,InVECOF,Innovative Value Chains for European Ceramic Oxide Fibres,HORIZON_EUROPE,3,0,3,3,0,9.4; 9.2; 8.4,MAPPED
101079116,DCitizens,Fostering Digital Civics Research and Innovation in Lisbon,HORIZON_EUROPE,4,3,1,3,1,9.5; 17.17; 17.6; 17.16,MAPPED
101119624,OWIN6G,Optical and wireless sensors networks for 6G scenarios,HORIZON_EUROPE,0,0,0,0,0,,NO_SUPPORTED_TARGET_IN_TOP10
101066941,CORE,Conceptualizing Oppression-Related Emotions,HORIZON_EUROPE,0,0,0,0,0,,NO_SUPPORTED_TARGET_IN_TOP10
190162340,S-trodes,Reliable Medical Grade Home-Based Test for Self-Use for people with Sleep DIsorders,HORIZON_EUROPE,2,0,2,2,0,3.4; 3.d,MAPPED
101102013,HE-ART,Hybrid Electric propulsion system for regional AiRcrafT,HORIZON_EUROPE,5,0,5,5,0,7.3; 9.4; 8.2; 8.4; 12.1,MAPPED
101109963,CIDoRa,"Community, identity and diversity in German youth radio",HORIZON_EUROPE,0,0,0,0,0,,NO_SUPPORTED_TARGET_IN_TOP10
101070737,BOOST,Boosting Smart Regional Innovation Ecosystems,HORIZON_EUROPE,1,1,0,1,0,17.6,MAPPED
101135965,SAFARI,SAFE AND SUSTAINABLE BY DESIGN GRAPHENE/MXENES HYBRIDS,HORIZON_EUROPE,0,0,0,0,0,,NO_SUPPORTED_TARGET_IN_TOP10
101080229,DREAMS,Drug REpurposing with Artificial intelligence for Muscular disorderS,HORIZON_EUROPE,3,2,1,3,0,9.5; 3.8; 3.4,MAPPED
101070254,CoreSense,CoreSense: A Hybrid Cognitive Architecture for Deep Understanding,HORIZON_EUROPE,1,1,0,1,0,9.5,MAPPED
101136302,CSA BrainHealth,Designing a European Brain Health Landscape,HORIZON_EUROPE,6,4,2,4,2,17.6; 9.5; 17.17; 17.16; 3.d; 3.4,MAPPED
101061179,SCIENCE GTS,Science Goes To School,HORIZON_EUROPE,1,1,0,1,0,9.5,MAPPED
101058680,Fluently,Fluently - the essence of human-robot interaction,HORIZON_EUROPE,1,1,0,1,0,4.4,MAPPED
101056883,INCHILDHEALTH,IDENTIFYING DETERMINANTS FOR INDOOR AIR QUALITY AND THEIR HEALTH IMPACT IN ENVIRONMENTS FOR CHILDREN: MEASURES TO IMPROVE INDOOR AIR QUALITY AND REDUCE DISEASE BURDENS.,HORIZON_EUROPE,4,1,3,3,1,12.4; 3.9; 11.6; 3.d,MAPPED
101083936,JustWind4All,Just and effective governance for accelerating wind energy,HORIZON_EUROPE,3,0,3,0,3,7.2; 7.a; 13.2,MAPPED
190134541,MIWA - SMART REUSABLE PACKAGING,MIWA - SMART REUSABLE PACKAGING,HORIZON_EUROPE,4,1,3,4,0,12.5; 12.4; 9.4; 12.6,MAPPED
101114249,ReTeWa,Textile Change - Recycling Textile Waste,HORIZON_EUROPE,5,0,5,5,0,12.5; 12.4; 9.4; 12.2; 8.4,MAPPED
101209061,hEag1DrugDis,Targeting the Oncogenic hEag1 Ion Channel: Developing Venom Peptide-Based Pharmacological Tools,HORIZON_EUROPE,0,0,0,0,0,,NO_SUPPORTED_TARGET_IN_TOP10
101291049,ENES-RISe,ENES-RI Services: Services of the European Network for Earth System Modelling Research Infrastructure,HORIZON_EUROPE,0,0,0,0,0,,NO_SUPPORTED_TARGET_IN_TOP10
101147064,DENOVO,Towards an Integrative Model of the Relationship Between Episodic Memory and Novelty Detection Through a Behavioural and Neuropsychological Approach,HORIZON_EUROPE,2,2,0,2,0,3.4; 9.5,MAPPED
101105349,NATOEUINNOCLIMAX,NATO and EU towards a common strategy against Russia hybrid warfare. The case for energy-resources-climate security nexus and the possible use of EDTs,HORIZON_EUROPE,0,0,0,0,0,,NO_SUPPORTED_TARGET_IN_TOP10
101202022,STRESSADHD,Sex differences in the persistence of ADHD in relation to childhood adversity and stress exposure,HORIZON_EUROPE,1,0,1,0,1,3.4,MAPPED
101272984,RuRho-SDT,Targeting Hypoxic Deep-Seated Tumours with Ru(II)-Rhodamine Complexes via Sonodynamic Therapy,HORIZON_EUROPE,1,1,0,1,0,9.5,MAPPED
101292269,PARADISE,PlAsma technologies for Remediation of Air for a cleaner environment by Development of Innovative microwave Sintered Electroceramics,HORIZON_EUROPE,4,0,4,4,0,9.4; 9.2; 11.6; 7.3,MAPPED
101311070,CIRC4FOOD,The CIRC4FOOD Alliance: A New Ecosystem for Circular and Sustainable Functional Foods,HORIZON_EUROPE,3,3,0,3,0,9.5; 17.16; 17.17,MAPPED
101139232,6G-GOALS,6G Goal-Oriented AI-enabled Learning and Semantic Communication Networks,HORIZON_EUROPE,1,0,1,1,0,7.3,MAPPED
101290632,STEPH,STrengthening Ecodesign pathways with performance assessment Parameters for Home textiles and footwear,HORIZON_EUROPE,6,0,6,5,1,12.6; 12.1; 12.4; 12.5; 12.2; 8.4,MAPPED
101215427,EQUIP-G,EQUIP-G - European QUantum Infrastructure Project for Gravimetry,HORIZON_EUROPE,0,0,0,0,0,,NO_SUPPORTED_TARGET_IN_TOP10
101181294,BMD,Biodiversity Meets Data,HORIZON_EUROPE,2,0,2,0,2,15.9; 15.1,MAPPED
101135707,FORTIS,Multi-Modal and Multi-Aspect Holistic Human-Robot Interaction,HORIZON_EUROPE,1,1,0,1,0,9.5,MAPPED
101305477,Knowledge2ALL,Share and develop scientific knowledge in society with support of studying STEM areas and choosing science career,HORIZON_EUROPE,3,2,1,2,1,9.5; 4.7; 12.8,MAPPED
101110216,Den-LLZO,Understanding the origins of dendrite formation and growth in LLZO solid electrolytes,HORIZON_EUROPE,2,1,1,1,1,7.2; 9.5,MAPPED
101146868,SynFuMIR,Syntactic functionality of motion verbs in Italo-Romance,HORIZON_EUROPE,0,0,0,0,0,,NO_SUPPORTED_TARGET_IN_TOP10
101105041,WAC-mTOR-OC,Targeting R2TP/TTT/WAC/mTOR complex in ovarian cancer.,HORIZON_EUROPE,1,0,1,0,1,3.4,MAPPED
101312023,DezION,Disinfection through Electrochemical Ion-Oriented Neutralization,HORIZON_EUROPE,4,0,4,4,0,6.3; 12.4; 6.1; 9.4,MAPPED
101274912,HydroSCQP,Hydrodynamic theory for strongly coupled quantum plasmas,HORIZON_EUROPE,0,0,0,0,0,,NO_SUPPORTED_TARGET_IN_TOP10
101168124,PREPSHIELD,Preparedness for society in health crises and disasters,HORIZON_EUROPE,1,1,0,1,0,3.d,MAPPED
101272623,StringCosmoAI,String Cosmology in the AI Era,HORIZON_EUROPE,1,1,0,1,0,9.5,MAPPED
101169295,PATTERN,European Doctoral Network Enabling Artificial Intelligence for Electromagnetic Compatibility,HORIZON_EUROPE,2,2,0,2,0,9.5; 4.4,MAPPED
101154427,EPiC-VFG,The mystery of differentiation: exploring the link between enhancer priming and cell cycle in ventral foregut stem cells,HORIZON_EUROPE,0,0,0,0,0,,NO_SUPPORTED_TARGET_IN_TOP10
101309098,SHIELD,Strengthening Hazard and Incident Emergency Learning and Disaster governance for CBRN-E resilience,HORIZON_EUROPE,0,0,0,0,0,,NO_SUPPORTED_TARGET_IN_TOP10
101310184,SPARK,Spatiotemporal photonic technologies,HORIZON_EUROPE,1,1,0,1,0,9.5,MAPPED
101286806,CitiSense,"Making Sense of EU Enlargement for, with and by Citizens",HORIZON_EUROPE,1,1,0,1,0,17.17,MAPPED
101305331,DiFuSE,"Digital Futures: Sketching connections, Empowering citizens",HORIZON_EUROPE,1,1,0,1,0,17.6,MAPPED
101277123,MINERVA,Multi-scale Investigation of Early Animals Using Advanced Synchrotron Approaches,HORIZON_EUROPE,0,0,0,0,0,,NO_SUPPORTED_TARGET_IN_TOP10
101131809,INTEGRATE-LMedC,"Concept development for a research infrastructure to manage, integrate and sustain large medical cohort studies",HORIZON_EUROPE,2,0,2,0,2,9.5; 9.1,MAPPED
101233325,PlaceMUS XR,Digital Journey across Musical Places in Europe and Extended Realities,HORIZON_EUROPE,1,0,1,1,0,11.4,MAPPED
101107228,Filcellstress,"How mechanical and electrical stimuli affect bacteria filamentation, a major cell stress response",HORIZON_EUROPE,1,1,0,1,0,9.5,MAPPED
101227596,MEDALLOY,Advanced Nickel-Titanium Alloys for Medical Device Applications,HORIZON_EUROPE,2,2,0,2,0,9.5; 8.2,MAPPED
101149010,FLORISH,"Fiction, Literature, Indigenous Storytelling and History",HORIZON_EUROPE,2,0,2,2,0,11.4; 10.2,MAPPED
101198969,Photo-IoT,Photo-rechargeable Zinc-ion Battery for the Internet of Things Working under Ambient Light,HORIZON_EUROPE,2,0,2,2,0,7.2; 7.a,MAPPED
101181857,DAISY,"DigitAl, technologIcal and Social innovation mixes enabling transformation for biodiversity and equitY",HORIZON_EUROPE,2,0,2,1,1,15.9; 15.5,MAPPED
101161153,HaloFreeEtch,Novel approaches for halogen-free and sustainable etching of Silicon and Glass,HORIZON_EUROPE,4,1,3,4,0,12.4; 9.4; 7.3; 12.1,MAPPED
101180593,PANDORA,"Making stratigraphy in the Anthropocene: Tracing multidecadal Pollution in the mAriNe seDimentary recOrd off the Coast of GRAnada (Alboran Sea, western Mediterranean)",HORIZON_EUROPE,4,1,3,1,3,14.1; 12.4; 14.2; 14.a,MAPPED
101291654,EmerGO,A PLATFORM FOR TRACKING AND REDUCING PERSISTENT AND EMERGING POLLUTANTS TOWARDS ZERO POLLUTION IN FOOD AND DRINK SYSTEMS,HORIZON_EUROPE,3,1,2,3,0,12.4; 6.3; 3.9,MAPPED
101132327,CIDAPE,"Climate, Inequality, and Democratic Action: The Force of Political Emotions",HORIZON_EUROPE,1,0,1,0,1,16.7,MAPPED
101152933,REGENERATE,REstorative GENder-specific ExpeRiences in urbAn naTural Environments,HORIZON_EUROPE,0,0,0,0,0,,NO_SUPPORTED_TARGET_IN_TOP10
101289094,AIRIS,Mechanism-Informed Multimodal Generative AI for Causal and Dynamical Modelling in Biomedical Research,HORIZON_EUROPE,1,1,0,1,0,9.5,MAPPED
101248153,SpiNNext,Brain-inspired Computing for Next Generation Generative Artificial Intelligence,HORIZON_EUROPE,3,0,3,3,0,7.3; 9.4; 9.5,MAPPED
101275563,SUNSECA,Selenium Utilization for Novel Solar Energy Conversion Applications,HORIZON_EUROPE,5,1,4,5,0,7.a; 7.2; 7.3; 9.4; 7.1,MAPPED
101217884,C2CA,Revolutionary solution to unlock concrete-to-concrete circularity,HORIZON_EUROPE,4,2,2,4,0,9.4; 12.5; 12.4; 9.5,MAPPED
101287905,PEAT-GENIE,Simulating Management Decisions with Peatland Digital Twins and Generative AI,HORIZON_EUROPE,5,0,5,1,4,15.3; 15.1; 15.9; 15.5; 13.1,MAPPED
101192583,TwinShip,TWINSHIP – INTEGRATED DIGITAL TWIN FRAMEWORK TO ENABLE GREEN SHIP OPERATIONS TOWARDS ZERO EMISSION VESSELS,HORIZON_EUROPE,2,1,1,2,0,9.4; 17.16,MAPPED
101181363,BioDiMoBot,Autonomous Longtime Aquatic Biodiversity and Ecology Monitoring Robot,HORIZON_EUROPE,4,2,2,4,0,15.1; 6.6; 15.5; 14.a,MAPPED
101285198,PTT-NCaps,Pollen Transfection via Tuneable Polymeric Silica Nanocapsules : A Non-Transgenic Platform for Plant Genetic Manipulation,HORIZON_EUROPE,3,1,2,1,2,2.4; 9.5; 13.1,MAPPED
101134869,Water Smart Connect,Water Smart Connect,HORIZON_EUROPE,0,0,0,0,0,,NO_SUPPORTED_TARGET_IN_TOP10
101151817,EPHYFLU,Bridging epidemic modelling and phylogenetic methods to understand avian influenza transmission in poultry trading networks,HORIZON_EUROPE,2,1,1,1,1,3.3; 3.b,MAPPED
101211177,IPconnect,Industrial Policy and Corporate Connections,HORIZON_EUROPE,0,0,0,0,0,,NO_SUPPORTED_TARGET_IN_TOP10
101271961,MAP4PWV,Multiscale investigations of polymer hydrocracking on bifunctional catalysts for plastic waste valorisation,HORIZON_EUROPE,5,0,5,1,4,12.5; 12.4; 9.4; 11.6; 8.4,MAPPED
101181890,RAINS,Resilient Agricultural IrrigatioN systems for water Scarcity in Europe,HORIZON_EUROPE,3,1,2,3,0,6.4; 6.5; 2.4,MAPPED
101311871,UASILICA,Ukrainian Advanced Silica: Deep-Tech Green Chemistry and Low-Temperature Plasma Transformation of Agricultural Waste into Nanostructured Critical Raw Materials,HORIZON_EUROPE,4,4,0,4,0,12.4; 9.4; 12.5; 9.2,MAPPED
101296129,JUST-COAST,"Justice-Driven Integrated Transformation for Climate-Resilient Coastal Futures: Co-creating just, systemic, and inclusive solutions for transformative adaptation in vulnerable coastal hotspots",HORIZON_EUROPE,4,2,2,4,0,13.1; 14.2; 13.3; 11.5,MAPPED
101280903,C-METABnG,Catchment METAbolism of Blue and Green fluxes,HORIZON_EUROPE,1,0,1,0,1,15.1,MAPPED
101281767,ACCTT,Accessible Categories in Constructive Type Theory,HORIZON_EUROPE,0,0,0,0,0,,NO_SUPPORTED_TARGET_IN_TOP10
101151788,BIOFARM,"Biobased, fully biodegradable, microplastic-free nanocarriers selectively releasing encapsulated actives for sustainable agriculture",HORIZON_EUROPE,5,1,4,4,1,12.4; 2.a; 2.4; 14.1; 12.5,MAPPED
101281968,G-SAFE,Geometry assisted StAbilization of Floquet Engineered phases,HORIZON_EUROPE,0,0,0,0,0,,NO_SUPPORTED_TARGET_IN_TOP10
101299364,REVIVE,Non-destructive Evaluation and Service Life Extension of Vulnerable Reinforced Concrete Infrastructure,HORIZON_EUROPE,2,1,1,2,0,9.1; 9.5,MAPPED
101290048,HIVE,HARMONIZED INTEGRATION AND VERIFICATION OF UAS MULTIPLE SIMULTANEOUS OPERATIONS IN THE U-SPACE ENVIRONMENT (HIVE),HORIZON_EUROPE,0,0,0,0,0,,NO_SUPPORTED_TARGET_IN_TOP10
101283648,SUSTAIN-LH2,SUSTainable mArine cryogenIc contaiNment for Liquid Hydrogen: a data-driven framework for real-time boil-off rate prediction and boil-off gas management,HORIZON_EUROPE,0,0,0,0,0,,NO_SUPPORTED_TARGET_IN_TOP10
101258941,HeartVision,Illuminating new paths in heart failure therapy,HORIZON_EUROPE,1,1,0,1,0,9.5,MAPPED
101279745,NETSPY,A Differential Detection Electrogravimetric Platform for the Early Diagnosis of Neuroendocrine Tumours,HORIZON_EUROPE,2,1,1,2,0,9.5; 3.d,MAPPED
101135576,INTEND,Intent-based data operation in the computing continuum,HORIZON_EUROPE,1,0,1,1,0,9.5,MAPPED
101131175,FarmEVs,Plant EV farming,HORIZON_EUROPE,3,2,1,3,0,2.a; 2.4; 9.5,MAPPED
101217199,INNOVISION,Innovation in Vision Research Postdoctoral Training Network,HORIZON_EUROPE,3,3,0,3,0,9.5; 17.17; 3.d,MAPPED
101131435,iSAS,Innovate for Sustainable Accelerating Systems,HORIZON_EUROPE,4,1,3,4,0,7.3; 7.a; 9.4; 9.5,MAPPED
101043410,MALFOY,Machine Learning for Offensive Computer Security,OTHER,0,0,0,0,0,,NO_SUPPORTED_TARGET_IN_TOP10
101089009,Smart Nanoparticles,4D Brain-Targeting Nanomedicines for Treating Neurodegeneration,OTHER,2,1,1,2,0,3.4; 9.5,MAPPED
101069348,INPATT,INorganic Photochemical PATTerning,OTHER,0,0,0,0,0,,NO_SUPPORTED_TARGET_IN_TOP10
101062190,TargetRANK,Targeting RANK receptor as a novel therapeutic strategy in triple negative breast cancer,OTHER,2,0,2,2,0,3.8; 3.4,MAPPED
101054778,HIPSTAR,Modelling trajectories and mechanisms of childhood hip dysplasia,OTHER,0,0,0,0,0,,NO_SUPPORTED_TARGET_IN_TOP10
101041677,TRANSIT-ND,Tandem Repeats Associated with Neurogenomic Somatic Instability and Neurodegeneration,OTHER,2,1,1,1,1,3.4; 9.5,MAPPED
101088366,HighEntropy2D,Two-dimensional high entropy alloys and ceramics,OTHER,1,1,0,1,0,9.5,MAPPED
101053472,NoisyFluid,Noise in Fluids,OTHER,0,0,0,0,0,,NO_SUPPORTED_TARGET_IN_TOP10
101075733,EarlyMicroAbs,Deciphering the antibody-microbiota axis in early life,OTHER,1,0,1,0,1,3.8,MAPPED
101067731,proCOLON,First-in-class beta-catenin inhibitor as treatment for colorectal cancer,OTHER,0,0,0,0,0,,NO_SUPPORTED_TARGET_IN_TOP10
101076020,FutureSpace,Making the Ariane Rocket: Negotiating relations between European integration and the future of Europe in space,OTHER,0,0,0,0,0,,NO_SUPPORTED_TARGET_IN_TOP10
101083038,Nekoka,Realizing the Promise of Higher-Order SMT and Superposition for Interactive Verification,OTHER,1,1,0,1,0,9.5,MAPPED
101039794,CHORAL,Computational Hardness Of RepresentAtion Learning,OTHER,0,0,0,0,0,,NO_SUPPORTED_TARGET_IN_TOP10
101087184,CC4DYN,A quantum chemical approach to dynamic properties of real materials,OTHER,0,0,0,0,0,,NO_SUPPORTED_TARGET_IN_TOP10
101039986,MottSwitch,Highly Energy-Efficient Resistive Switching in Defect- and Strain- Engineered Mott Insulators for Neuromorphic Computing Applications,OTHER,1,0,1,1,0,7.3,MAPPED
101089233,DIGINEQ,"Digital Time Use, Adolescent Well-Being and Social Inequalities",OTHER,1,1,0,1,0,3.4,MAPPED
101246792,DNA,DNA: A Dependable NIC Architecture,OTHER,0,0,0,0,0,,NO_SUPPORTED_TARGET_IN_TOP10
101170073,SovereignPerformance,The politics of aspiring sovereignty: Understanding separatist politics from a performative perspective,OTHER,0,0,0,0,0,,NO_SUPPORTED_TARGET_IN_TOP10
101225153,RGNcestry,Tracing and harnessing the ancestry of RNA-guided nucleases,OTHER,1,1,0,1,0,9.5,MAPPED
101219770,MORPHOFBD,Using morphological information to accurately date phylogenies and understand past diversification dynamics,OTHER,0,0,0,0,0,,NO_SUPPORTED_TARGET_IN_TOP10
101198490,LPS-CODE,The LPS-code: uncovering meta-level chemical structures that establish LPS as friend or foe,OTHER,0,0,0,0,0,,NO_SUPPORTED_TARGET_IN_TOP10
101165129,QScope,Deciphering Neurodegenerative Disease with fast 3D imaging & functional nanoscopy,OTHER,1,1,0,1,0,9.5,MAPPED
101167065,MakingBlood,Engineering an integrated platform for generation of human blood stem cells from pluripotent sources,OTHER,2,1,1,2,0,9.5; 3.8,MAPPED
101199747,NeuroSTARS,Astrocytic metabolism-driven epigenetics at the cornerstone of cognitive aging,OTHER,0,0,0,0,0,,NO_SUPPORTED_TARGET_IN_TOP10
101263413,SABIR,"Sailing Beyond the Crisis. Comparative Perspectives on Social, Economic, and Cultural Changes in the Late Medieval Mediterranean (ca. 1250-1450)",OTHER,0,0,0,0,0,,NO_SUPPORTED_TARGET_IN_TOP10
101114850,MORALITES,Moral Elites: The Historical Positioning of Civil Society Leaders in National Moral Economies,OTHER,0,0,0,0,0,,NO_SUPPORTED_TARGET_IN_TOP10
101115798,SynPrePro,Empirical and mechanistic foundations for synergistic predictive processing in the sensory brain,OTHER,0,0,0,0,0,,NO_SUPPORTED_TARGET_IN_TOP10
101188898,IMPACT,Intrinsic Microenvironment-Dependent Potentiation of Antibodies for Cancer Therapy,OTHER,1,0,1,0,1,3.8,MAPPED
101213672,DiMoVac,Diagnostic model and assay for personalized vaccine,OTHER,3,0,3,3,0,3.8; 3.3; 3.d,MAPPED
101140447,UBICODEWRITERS,(Re-)Writing the Ubiquitin Code – Manipulating Polyubiquitin Chain Linkage to Investigate Ubiquitin Signalling in Genome Maintenance and Beyond,OTHER,1,1,0,1,0,9.5,MAPPED
101125450,SoBaSyC,Solid Basis for Symmetric Cryptography,OTHER,0,0,0,0,0,,NO_SUPPORTED_TARGET_IN_TOP10
101264391,HIDTECH,Revealing Hidden Innovations: Gendered Work and Perishable Technologies in Prehistory,OTHER,1,1,0,1,0,9.5,MAPPED
101229851,CHILL-TIME,Chilling Limits and impacts on leaf-out Timing and Ecosystem dynamics under climate change,OTHER,2,0,2,0,2,15.1; 15.5,MAPPED
101229568,RegenerFuse,Deciphering the molecular mechanisms of skeletal muscle fiber fusion,OTHER,0,0,0,0,0,,NO_SUPPORTED_TARGET_IN_TOP10
101198414,Nab-Heart,Nanobody-Targeted Camk2d Inhibition for Cardiac Arrhythmias,OTHER,0,0,0,0,0,,NO_SUPPORTED_TARGET_IN_TOP10
101220159,URANUS,Understanding degradation mechanisms of metallic materials in extreme environments using element-resolved electrochemistry,OTHER,2,0,2,0,2,12.5; 8.4,MAPPED
101087847,SuperQLev,"Entanglement of an array of massive, magnetically levitated superconducting microparticles on a chip",OTHER,0,0,0,0,0,,NO_SUPPORTED_TARGET_IN_TOP10
101200916,OA-CONNECT,Connecting Joint Function to Chondrocyte Biology in Knee Osteoarthritis,OTHER,1,1,0,1,0,9.5,MAPPED
101201156,FreeQCC,Free Electrons to Bound Electrons and Photons Quantum Coherent Coupling,OTHER,0,0,0,0,0,,NO_SUPPORTED_TARGET_IN_TOP10
101088285,SupraValent,Supramolecular & Covalent Bonds for Engineering Spatiotemporal Complexity in Hydrogel Biomaterials,OTHER,1,1,0,1,0,9.5,MAPPED
101162673,EmoDevo,Building emotional circuits: interfacing intrinsic programs with early-life experiences,OTHER,1,1,0,1,0,3.4,MAPPED
101169737,SLEEPAWAY,Forgetting unwanted memories in sleep,OTHER,0,0,0,0,0,,NO_SUPPORTED_TARGET_IN_TOP10
