project_id,target_code,match_strength,contribution_type,evidence,explanation,framework_wording_dependency_detected,reviewer_note
101039986,7.3,WEAK,DIRECT,"Moreover, in terms of fundamental switching timescales and energy efficiency, Mott insulators may have very significant advantages over other RS mechanisms. | The first is by switching purely in the electronic sector while minimizing structural distortions. | Thus, the low heat capacity of electrons may enable switching with a fraction of the energy required in an insulator-metal transition coupled to a structural transition. | The second is absorption of latent heat and/or elastic energy from the surroundings of the switching volume, thus reducing the externally supplied power consumption. | Our aim is to use defects, doping and strain engineering to understand and tune RS mechanisms, and develop novel functionalities with ultra-low energy consumption.","The project’s central work is to understand and tune resistive-switching mechanisms and develop low-energy functionalities. It specifically pursues switching that uses less energy and reduces externally supplied power, so the project itself develops a target-specific efficiency mechanism rather than only providing generic information. The evidence concerns device-level switching and does not establish broader energy-efficiency improvements beyond that application, but no such scale-wide outcome is required here.",UNDETERMINED,No literal Horizon Europe/framework-programme mention in explanation. Mechanical screening only; implicit dependence cannot be established or excluded. No semantic judgment or label change.
101041677,3.4,WEAK,INDIRECT,"For developing better preventive and therapeutic strategies, it is essential to clarify their still largely elusive genetic basis and pathophysiology. | Here, I aim to assess the role of TRs and their somatic instability in the pathogenesis of neuronal degeneration, the defining hallmark of all neurodegenerative diseases. | To this end, I will 1) systematically identify TRs whose size or somatic instability are related to neuronal degeneration in the general population and/or disease severity in repeat expansion disorders, using an innovative approach combining """"liquid biopsy"""" of neuronal tissue, high-throughput ultra-deep long-read DNA sequencing and ultrasensitive biomarkers of neuronal degeneration, 2) delineate the neuroanatomical pathways affected by TR somatic instability through comprehensive neuroimaging analyses, and 3) disentangle the underlying molecular and cellular mechanisms, using an extensive integrative multi-omics approach with experimental validation in neuronal cell lines and post-mortem human brain tissue. | The wealth of unique insights from TRANSIT-ND could substantially increase our understanding of the pathogenesis of neuronal degeneration and provide shared targets for the prevention and treatment of a range of different neurodegenerative diseases that afflict millions of people globally.""""","The project conducts disease-focused research to clarify the pathogenesis of neuronal degeneration and identify potential shared targets for prevention and treatment. This is a substantial research contribution, but the project does not itself develop or deliver preventive or therapeutic interventions; distinct downstream work is needed to turn its findings into those interventions.",UNDETERMINED,No literal Horizon Europe/framework-programme mention in explanation. Mechanical screening only; implicit dependence cannot be established or excluded. No semantic judgment or label change.
101041677,9.5,STRONG,DIRECT,"Emerging insights from the study of rare hereditary repeat expansion disorders caused by elongations of repetitive DNA sequences (""""tandem repeats"""" (TRs)) indicate that TRs could induce instability of neuronal DNA (""""neurogenomic somatic instability""""), and thereby instigate molecular changes that lead to neuronal degeneration. | Here, I aim to assess the role of TRs and their somatic instability in the pathogenesis of neuronal degeneration, the defining hallmark of all neurodegenerative diseases. | To this end, I will 1) systematically identify TRs whose size or somatic instability are related to neuronal degeneration in the general population and/or disease severity in repeat expansion disorders, using an innovative approach combining """"liquid biopsy"""" of neuronal tissue, high-throughput ultra-deep long-read DNA sequencing and ultrasensitive biomarkers of neuronal degeneration, 2) delineate the neuroanatomical pathways affected by TR somatic instability through comprehensive neuroimaging analyses, and 3) disentangle the underlying molecular and cellular mechanisms, using an extensive integrative multi-omics approach with experimental validation in neuronal cell lines and post-mortem human brain tissue.","The project directly conducts original scientific research into tandem-repeat variation and instability as factors in neuronal degeneration, using sequencing, neuroimaging, multi-omics, and experimental validation. Scientific research is itself the claimed target component, so the project's work constitutes project-scale realization rather than merely an upstream input. The evidence explicitly establishes this research activity; it does not need to demonstrate subsequent treatment development or population-level health outcomes.",UNDETERMINED,No literal Horizon Europe/framework-programme mention in explanation. Mechanical screening only; implicit dependence cannot be established or excluded. No semantic judgment or label change.
101062190,3.8,WEAK,DIRECT,"TargetRANK is based on the innovative idea of generating novel drugs targeting RANK receptor – instead of its ligand RANKL – for the treatment of TNBC, as well as a new panel of anti-RANK human antibodies – for research and diagnostic purposes. | Small molecule inhibitors generated during the project could plausibly be positioned as a novel targeted therapy for TNBC and anti-RANK antibodies commercialized for research applications due to the lack of specific antibodies on the market. | The most important benefits of TargetRANK are based on the unmet need to improve the treatment of TNBC patients, and the economic burden for public health systems generated by standard non-selected and ineffective cancer treatments.","The project centrally develops candidate drugs targeting the RANK receptor for TNBC and a panel of anti-RANK antibodies for research and diagnostic use. This creates a target-specific treatment-development capacity for a cancer with limited targeted therapies, rather than only providing generic information or tooling. The candidates are not established as clinically effective or available to patients, so the project does not itself deliver treatment access; that remains a downstream step. Candidate therapy development is nevertheless a concrete mechanism directly advancing the component at project scale.",UNDETERMINED,No literal Horizon Europe/framework-programme mention in explanation. Mechanical screening only; implicit dependence cannot be established or excluded. No semantic judgment or label change.
101062190,3.4,WEAK,DIRECT,"TargetRANK is based on the innovative idea of generating novel drugs targeting RANK receptor – instead of its ligand RANKL – for the treatment of TNBC, as well as a new panel of anti-RANK human antibodies – for research and diagnostic purposes. | Small molecule inhibitors generated during the project could plausibly be positioned as a novel targeted therapy for TNBC and anti-RANK antibodies commercialized for research applications due to the lack of specific antibodies on the market. | RANK antibodies will allow to stratify patients that might benefit from RANK blocking molecules, improving the existing treatments for skeletal-related events and reducing the main complications associated with life-altering morbidity affecting several types of prevalent cancers.","The project centrally develops RANK-targeting drug candidates for treating TNBC and anti-RANK antibodies for research, diagnostic, and patient-stratification uses. These are concrete, target-specific treatment and stratification mechanisms at project scale, although clinical efficacy and patient benefit are not established in the evidence.",UNDETERMINED,No literal Horizon Europe/framework-programme mention in explanation. Mechanical screening only; implicit dependence cannot be established or excluded. No semantic judgment or label change.
101075733,3.8,WEAK,INDIRECT,"Yet, the antigen binding profiles of these Igs are vastly unknown, and it is incompletely understood how early misguided immune education contributes to the development of allergies or asthma. | On an even more fundamental level, it is also unclear if or how B cell receptor (BCR) sequences of different individuals converge to binding similar microbiota antigens and how such responses form in early life.Here, we will leverage phage display as well as novel approaches to study BCR sequence/Ig function relationships, focusing on the following objectives & research questions:a) How do immune exposures in early life shape Ig repertoires and influence health later on?We hypothesize that Ig repertoire development depends on the birth mode, duration of breast feeding, & antibiotics treatments. | We will also study the immune repertoires of children with allergies and mine these data sets for associations with early life Ig data sets.b) Do BCR sequences of different individuals converge to binding similar antigens? | We will apply state of the art and novel proprietary methodologies to link BCR sequences with Ig binding in adults & infants.Linking BCR sequence information with the actual antigen targets, will contribute to understanding the sequence-function relationship of Ig binding and their formation in early life. | By comparing these datasets with allergic children may also reveal links between early immune education & lasting impacts on health.","The project conducts original research on early-life immune development and its relationship to allergies, asthma, and later health. This is relevant research input, but the project does not itself deliver or develop a health-care service, access mechanism, or service capacity; distinct downstream work would be needed to translate findings into such services.",UNDETERMINED,No literal Horizon Europe/framework-programme mention in explanation. Mechanical screening only; implicit dependence cannot be established or excluded. No semantic judgment or label change.
101083038,9.5,STRONG,DIRECT,"We will start by extending higher-order SMT and -superposition and implementing them in automatic provers to provide push-button proof automation for lemmas expressed in higher-order logics. | In terms of scientific impact, the improved higher-order SMT and -superposition calculi will substantially advance the art of higher-order automation and help reorient research in automated reasoning towards the needs of end users, whether computer scientists or mathematicians.","The project develops and implements higher-order automated proof methods and explicitly aims to advance research in higher-order automation. Scientific research is itself part of the operative target component, so this is project-scale realization rather than merely an upstream input. The evidence does not establish that it upgrades technological capabilities of industrial sectors or addresses the target’s other parallel clauses, but those are outside the selected research component.",UNDETERMINED,No literal Horizon Europe/framework-programme mention in explanation. Mechanical screening only; implicit dependence cannot be established or excluded. No semantic judgment or label change.
101088285,9.5,STRONG,DIRECT,"I hypothesize that strategic combinations of dynamic supramolecular assemblies with reversible/degradable covalent bonds can lead to tough, hierarchical, and spatiotemporally complex hydrogels. | In SupraValent, I will test my hypothesis with the design and exploration of spatiotemporal changes to hydrogel properties via covalent modification of 1D supramolecular polymers. | SupraValent will first create structure/dynamics/property relationships of supramolecular assemblies between solution-phase studies and hydrogel materials. | I will leverage this information to create tough supramolecular biomaterials and bioinks, which allow for the introduction of spatiotemporal gradients and cell-mediated changes (via degradation) to the material’s properties. | Then, I will introduce innovative cell/material constructs where the cells create covalent bonds on the materials over the lifetime of culture. | Here, genetically modified bacteria will introduce the spatiotemporal complexity into the construct, moving towards living material’s modifications.","The project itself conducts original scientific research: it tests a hypothesis, investigates structure/dynamics/property relationships, and develops hydrogel biomaterials with controlled spatiotemporal properties. This directly performs the research action named in the claimed component; later applications or broader uptake are not required for project-scale realization. The evidence is explicit about the research activity and its subject matter. The claimed component is the scientific-research clause, so the absence of evidence about industrial-sector technology upgrades or R&D workforce and spending does not create a material gap in this component.",UNDETERMINED,No literal Horizon Europe/framework-programme mention in explanation. Mechanical screening only; implicit dependence cannot be established or excluded. No semantic judgment or label change.
101088366,9.5,STRONG,DIRECT,"“Entropy engineering” recently had exceptional impact on bulk materials science by invention of bul“Entropy engineering” recently had exceptional impact on bulk materials science by invention of bulk high entropy alloys and ceramics. | The underlying idea is that by equiatomically adding ≥5 principal elements to alloys/compounds, the much increased configurational entropy stabilizes otherwise non-accessible single “high entropy” phases with an unique random elemental occupancy on a crystalline lattice and hence novel functional properties. | Despite these exciting individual prospects of “entropy engineering” and “2D materials”, combination of these two concepts to synergetically create novel 2D high entropy materials (2D HEMs) as a novel materials class with novel functional properties with possible applications in electronics and catalysis remains lacking. | In “HighEntropy2d” we will fabricate unprecedented 2D HEMs (2D high entropy alloys, oxides and sulfides) using for the first time scalable vapour deposition and a 2D template/2D confinement approach for both 2D film and 2D nanoflake form, asses their novel properties and perform first tests of their applicability for electronic devices and catalysis. | Reducing HEM dimensionality to 2D will also create a unique opportunity to for the first time study in situ and at the atomic scale currently unknown fundamental diffusion, crystallisation, phase transition and separation mechanisms in HEMs (using a globally unique (scanning) transmission electron microscopy ((S)TEM) setup), to obtain fundamental insights relevant to HEMs even beyond the here newly introduced 2D HEMs.","The project itself conducts original materials-science research: it fabricates a new class of two-dimensional high-entropy materials, assesses their properties and applicability, and investigates previously unknown mechanisms at atomic scale. These are substantive research activities named by the claimed component, not merely an upstream input awaiting a distinct downstream research action.",UNDETERMINED,No literal Horizon Europe/framework-programme mention in explanation. Mechanical screening only; implicit dependence cannot be established or excluded. No semantic judgment or label change.
101089009,3.4,WEAK,DIRECT,"In this research program, we aim to advance far beyond the state-of-the-art and elucidate the molecular and structural characteristics for designing nanotechnology drugs that target and treat brain neurodegeneration. | To address this fundamental gap, we will use advanced computation and engineering concepts to develop 4D-brain-targeting nanoparticles, that cross the BBB intact to target specific neuronal populations and brain regions. | Robotic synthesis, coupled with active learning algorithms will be used to construct nanoparticles with combinations of targeting moieties on their surface and evaluate their neuronal specificity. | Supported microfluidic BBB apparatus will be used to screen the nanoparticles ability to target and cross the BBB. | To connect our findings to future clinical implementation, fMRI will be used to record the therapeutic activity of the nanoparticles in the brain.","The project centrally develops and evaluates brain-targeting nanomedicines explicitly intended to treat neurodegeneration, including testing their targeting and BBB crossing and assessing therapeutic activity. This is a concrete project-scale treatment-development mechanism; later clinical implementation and wider use do not make the research merely an upstream input. The evidence does not establish that patients receive treatment or that mortality is reduced, but those population-level outcomes are not required at project scale.",UNDETERMINED,No literal Horizon Europe/framework-programme mention in explanation. Mechanical screening only; implicit dependence cannot be established or excluded. No semantic judgment or label change.
101089009,9.5,STRONG,DIRECT,"In this research program, we aim to advance far beyond the state-of-the-art and elucidate the molecular and structural characteristics for designing nanotechnology drugs that target and treat brain neurodegeneration. | To address this fundamental gap, we will use advanced computation and engineering concepts to develop 4D-brain-targeting nanoparticles, that cross the BBB intact to target specific neuronal populations and brain regions. | Robotic synthesis, coupled with active learning algorithms will be used to construct nanoparticles with combinations of targeting moieties on their surface and evaluate their neuronal specificity. | Supported microfluidic BBB apparatus will be used to screen the nanoparticles ability to target and cross the BBB. | To connect our findings to future clinical implementation, fMRI will be used to record the therapeutic activity of the nanoparticles in the brain.","The project directly conducts original scientific R&D: it develops 4D brain-targeting nanoparticles and evaluates their targeting, BBB crossing, and therapeutic activity. Scientific research is itself an operative component of Target 9.5, so the work instantiates that component at project scale; it need not deliver later clinical implementation or wider industrial adoption.",UNDETERMINED,No literal Horizon Europe/framework-programme mention in explanation. Mechanical screening only; implicit dependence cannot be established or excluded. No semantic judgment or label change.
101089233,3.4,STRONG,DIRECT,"To establish if digital interventions can promote adolescents’ healthy digital engagement and improve well-being outcomes, while reducing socioeconomic gaps in these areas. | (2) it implements a novel mixed-method digital intervention to show if digital self-efficacy programmes can promote adolescents’ healthy digital engagement and improve well-being outcomes, while reducing related socioeconomic gaps; | (3) it merges existing high-quality longitudinal time-diary data from three largescale surveys in Australia, Ireland, and the United States to illustrate how adolescents’ digital time use explains socioeconomic gaps in well-being from childhood to late adolescence.",The project directly conducts research on adolescent well-being and implements a mixed-method digital self-efficacy intervention intended to support healthy digital engagement and improve well-being. These are project-scale mechanisms relevant to promoting well-being; the evidence does not establish that the intervention achieves improved outcomes or reduces socioeconomic gaps.,UNDETERMINED,No literal Horizon Europe/framework-programme mention in explanation. Mechanical screening only; implicit dependence cannot be established or excluded. No semantic judgment or label change.
101140447,9.5,STRONG,DIRECT,"Although many analytical and inhibitory ubiquitin-specific reagents exist, we lack the tools to create polyubiquitin chains of defined linkage on a protein of interest in cells to investigate their signalling functions. | We recently established a method to induce substrate-specific polyubiquitylation via three major linkages, M1, K48, and K63. | Based on this technology, we now propose to develop a new generation of research tools for the scientific community. | This will include the identification and design of custom enzymes for assembling the rarer, still poorly characterised non-canonical linkages and a functionalisation with modules for chain editing, branching, and the identification of effectors. | In a combination of biochemical, cell biological, and proteomic approaches, we will then apply these tools to major genome maintenance pathways with prominent roles in the defence against disorders such as cancer and premature ageing. | Specifically, we will analyse the significance of non-canonical polyubiquitylation in the response to DNA double-strand breaks and the interplay between degradative and non-degradative ubiquitylation in the regulation of essential DNA replication and repair factors.","The project directly conducts scientific investigation using biochemical, cell-biological, and proteomic approaches, while also developing research tools for the scientific community. These are substantive research activities at project scale, not merely an upstream input awaiting a distinct research action. The contribution is specific to scientific research, although it does not address the target’s broader industrial-capability or R&D workforce and spending clauses.",UNDETERMINED,No literal Horizon Europe/framework-programme mention in explanation. Mechanical screening only; implicit dependence cannot be established or excluded. No semantic judgment or label change.
101162673,3.4,STRONG,DIRECT,"Within the brain, the amygdala governs emotional states through specialised nuclei and connectivity, controlling anxiety, fear reactions, and emotional learning.In mammals, amygdala circuits mature postnatally and are influenced by mother-offspring bonding, which impairment causes early-life stress and leads to lasting consequences on anxiety. | However, the molecular and cellular mechanisms underlying amygdala neuron differentiation and wiring, their reliance on intrinsic programs, potential sex differences, and impact of early-life experiences remain poorly understood.Here, I hypothesise that the differentiation of amygdala neurons relies on transcriptional programs, which vary between sexes and are modulated by early-life stress. | Determining the role of intrinsic determinants and the impact of early-life stress on projection development and function using CRISPR-Cas9-mediated gene manipulation, maternal separation, 3D axon tracings, and anxiety/emotional memory tests.These experiments will reveal transcriptional programs governing amygdala circuit development and sex dimorphisms. | They will identify amygdala neuron types sensitive to environment, potentially more prone to be affected in diseases. | This research will contribute to understanding the genetic and environmental aspects of emotional dysregulation, a common feature in neuropsychiatric disorders, including anxiety disorders.","The project directly conducts scientific research into amygdala circuit development, early-life stress, anxiety, emotional regulation, and disease vulnerability. This is a concrete research activity relevant to the claimed mental-health component, although it does not itself provide treatment, prevention services, or a clinical intervention.",UNDETERMINED,No literal Horizon Europe/framework-programme mention in explanation. Mechanical screening only; implicit dependence cannot be established or excluded. No semantic judgment or label change.
101165129,9.5,STRONG,DIRECT,"Here, I will investigate the biophysical basis of the formation of different material states of aggregates, by capitalizing on my expertise at the interface of single-molecule biophysics and quantitative, high-resolution imaging in cells.I propose to address the following key questions, with the use of cellular models of Huntingtons Disease (HD) complemented with well-controlled in vitro experiments: How do the physico-chemical properties of protein variants and the cellular environment influence aggregation and toxicity? | I will develop multimodal AI-informed quantitative microscopy and functional nanoscopy to decipher how aggregates in neurodegenerative disease form and mature. | The QScope project is expected to elucidate the role of protein aggregation and phase transitions, relevant for a broad variety of diseases, and to establish new label-free and super-resolution imaging.","The project directly conducts original scientific research into protein aggregation and phase separation, while developing imaging methods to investigate these processes. Scientific research is itself the operative action in the claimed target component, so the project instantiates that component at project scale; economy-wide effects or broader deployment are not required.",UNDETERMINED,No literal Horizon Europe/framework-programme mention in explanation. Mechanical screening only; implicit dependence cannot be established or excluded. No semantic judgment or label change.
101167065,9.5,STRONG,DIRECT,"Current attempts to generate HSC in vitro do not consider the changing cellular, chemical, and physical characteristics of the different environments met by HSC in vivo from embryo to adult, and have been unable to reliably produce functional HSC. | MakingBlood aims to establish a proof-of-concept platform for robust generation of human HSC from pluripotent stem cells by developing a self-organising gastruloid model of embryonic HSC generation without genetic manipulation, and successively recapitulating the natural foetal and adult HSC development environments. | By using state-of-the-art technology and multidisciplinary approaches, we will systematically detangle cellular, chemical, and physical properties of natural HSC generation, amplification and maintenance microenvironments, and iteratively identify essential elements that enable and promote HSC function. | We will integrate key elements into modular scalable engineered niches to establish a HSC production platform, which can be developed as a bioreactor for on-demand blood production, and eventually replace donations as the clinical source of HSC and mature blood cells.","The project undertakes original research to investigate HSC developmental environments and develop and integrate elements into engineered niches and a proof-of-concept production platform. Scientific research is itself an operative action in Target 9.5, so this work instantiates that component at project scale. The proposed eventual clinical-scale blood production and replacement of donations remain future aims, but they are not required for the research component assessed here.",UNDETERMINED,No literal Horizon Europe/framework-programme mention in explanation. Mechanical screening only; implicit dependence cannot be established or excluded. No semantic judgment or label change.
101167065,3.8,WEAK,DIRECT,"Availability is a challenge for specific groups, and 25% of patients needing blood stem cell transplants lack a compatible donor. | The ideal alternative is clinical-scale production of Haematopoietic Stem Cells (HSC) from laboratory-maintained tissue-compatible sources, to provide an off-the-shelf source of blood cells. | MakingBlood aims to establish a proof-of-concept platform for robust generation of human HSC from pluripotent stem cells by developing a self-organising gastruloid model of embryonic HSC generation without genetic manipulation, and successively recapitulating the natural foetal and adult HSC development environments. | We will integrate key elements into modular scalable engineered niches to establish a HSC production platform, which can be developed as a bioreactor for on-demand blood production, and eventually replace donations as the clinical source of HSC and mature blood cells.","The project centrally develops and tests a scalable platform for generating human blood stem cells, aimed at addressing compatible-donor shortages and enabling an on-demand clinical source. This is a concrete, target-specific mechanism for improving access to an essential treatment, although it does not itself provide clinical care or establish patient access.",UNDETERMINED,No literal Horizon Europe/framework-programme mention in explanation. Mechanical screening only; implicit dependence cannot be established or excluded. No semantic judgment or label change.
101188898,3.8,WEAK,INDIRECT,"The principal goal of this proof-of-concept study is to explore the feasibility of a cofactor-induced oligomerisation of IgG to potentiate the therapeutic efficacy of anti-cancer antibodies targeting the tumour site. | These species were considerably more potent in activating the complement system and inducing killing of cancer cells. | Based on these two phenomena, we formulated our working hypothesis that the locally released heme and hemoproteins at tumour sites can be harnessed as trigger of oligomerization of engineered IgG molecules, thus increasing their pro-inflammatory and cytotoxic activities due to aggregation of the Fc portion in close proximity. | This will result in higher antibody avidity, more efficient cross-linking of Fc-gamma receptors, better recruitment of complement proteins (C1q) and, hence, a stronger activation of the immune effector cells and the classical pathway of complement system on the surface of cancer cells.","The project conducts proof-of-concept research on engineering anti-cancer antibodies to increase tumor-directed cytotoxic and immune-effector activity. This is a target-specific therapeutic-development mechanism, but the project does not establish a treatment ready for clinical use or provide cancer-care services; further development and clinical implementation are required.",UNDETERMINED,No literal Horizon Europe/framework-programme mention in explanation. Mechanical screening only; implicit dependence cannot be established or excluded. No semantic judgment or label change.
101200916,9.5,STRONG,DIRECT,"OA-CONNECTinstigates an innovative approach to understanding the fundamental cause of OA by posing a question that could previouslynever be answered: ‘What causes mechanical loads to switch from supporting to disrupting cartilage health in OA?’OA-CONNECT introduces a unique, integrated approach CONNECT-ing joint function to chondrocyte biology to unravelthe OA Mechanome, the maladaptive dynamic interplay of mechanical and biological drivers of OA cartilage degenerationacross cellular-, tissue- and joint- scales by:(1) Connecting the spatial mechanical and cell molecular dynamics underlying OA cartilage adaptation to loading, using multimodalread-outs from spatial omics, functional microscopy, and high-field MRI.(2) Predicting cartilage degeneration by connecting knee joint cartilage loads during movement to local cellular mechanobiologicalprocesses, using a multi-scale mechanobiology-inspired adaptive modeling framework informed by datasets of (1).(3) Elucidating cartilage degeneration probability and mechanotherapy success in subjects with early knee OA, integrating themulti-scale model of (2) with machine learning, multi-variate and population-based methods leveraging the use of clinicallyaccessible ‘real-world’ data. | Prospective cohort and proof-of-concept studies will capture the dynamics of mechanical andbiological drivers and the impact of three current mechanotherapies.The field of OA needs a shift in focus as the approaches of the past 20 years could not bring the mechanistic insights requiredto develop treatment strategies.","The project directly conducts original scientific research into osteoarthritis mechanisms through integrated measurements, multiscale modeling, and prospective cohort and proof-of-concept studies. Research itself is the claimed target component, so the project need not demonstrate later clinical deployment or population-level health outcomes. The evidence explicitly establishes this research activity, though it does not address the target’s broader technological-capability or R&D-spending clauses.",UNDETERMINED,No literal Horizon Europe/framework-programme mention in explanation. Mechanical screening only; implicit dependence cannot be established or excluded. No semantic judgment or label change.
101213672,3.8,WEAK,DIRECT,"rheumatoid arthritis, HIV or organ transplant recipients) are particularly vulnerable to influenza and consequent complications include hospitalization and death, as their immune systems often fail to mount adequate responses to standard vaccines. | This analysis, covering multiple virus strains, identified robust molecular biomarkers linked to vaccine responses, which were validated through wet-lab experiments. | Machine learning models based on pre-vaccination biomarkers were able to predict vaccine response in independent samples. | Building on these findings, we propose to develop a diagnostic assay to measure these biomarkers and apply our established prediction model to stratify patients based on their responsiveness to the influenza vaccine. | Once validated, these biomarkers will be integrated into an innovative, fast, and reliable diagnostic test to predict vaccine responsiveness, through collaboration of an experienced industrial partner. | By enabling personalized vaccine strategies particularly for patients, this project has the potential to significantly improve influenza vaccine efficacy, reduce disease burden and ultimately save lives.","The project substantively validates vaccine-response biomarkers and develops a diagnostic assay, prediction model, and app to stratify patients and inform personalized influenza-vaccination strategies. These are concrete, target-specific mechanisms for improving vaccine effectiveness for vulnerable patients, not merely generic information inputs. The project does not itself deliver vaccination or ensure universal access, but that broader outcome is not required at project scale; routine downstream use of the diagnostic capacity does not create a material semantic gap.",UNDETERMINED,No literal Horizon Europe/framework-programme mention in explanation. Mechanical screening only; implicit dependence cannot be established or excluded. No semantic judgment or label change.
101213672,3.3,WEAK,DIRECT,"Seasonal influenza poses a major global public health challenge, causing 3-5 million cases of severe illness and 290,000-650,000 deaths annually. | Influenza vaccines are crucial for preventing illness, reducing severity of infection, and limiting virus transmission; | This analysis, covering multiple virus strains, identified robust molecular biomarkers linked to vaccine responses, which were validated through wet-lab experiments. | Machine learning models based on pre-vaccination biomarkers were able to predict vaccine response in independent samples. | Building on these findings, we propose to develop a diagnostic assay to measure these biomarkers and apply our established prediction model to stratify patients based on their responsiveness to the influenza vaccine. | Samples from various patient cohorts, provided by our collaboration partners, will be used for verification and validation. | Once validated, these biomarkers will be integrated into an innovative, fast, and reliable diagnostic test to predict vaccine responsiveness, through collaboration of an experienced industrial partner. | Additionally, our team will create a user-interface app to translate biomarker measurements into diagnostic outcome. | By enabling personalized vaccine strategies particularly for patients, this project has the potential to significantly improve influenza vaccine efficacy, reduce disease burden and ultimately save lives.","The project directly conducts research, validates biomarkers and prediction models, and develops a diagnostic assay and app to stratify patients by influenza vaccine responsiveness. These are concrete project-scale mechanisms intended to enable personalized vaccination against influenza. The project does not itself administer vaccines or demonstrate reduced disease burden, but later clinical use is not required to recognize its direct research and diagnostic mechanism.",UNDETERMINED,No literal Horizon Europe/framework-programme mention in explanation. Mechanical screening only; implicit dependence cannot be established or excluded. No semantic judgment or label change.
101213672,3.d,WEAK,DIRECT,"rheumatoid arthritis, HIV or organ transplant recipients) are particularly vulnerable to influenza and consequent complications include hospitalization and death, as their immune systems often fail to mount adequate responses to standard vaccines. | This analysis, covering multiple virus strains, identified robust molecular biomarkers linked to vaccine responses, which were validated through wet-lab experiments. | Machine learning models based on pre-vaccination biomarkers were able to predict vaccine response in independent samples. | Building on these findings, we propose to develop a diagnostic assay to measure these biomarkers and apply our established prediction model to stratify patients based on their responsiveness to the influenza vaccine. | Samples from various patient cohorts, provided by our collaboration partners, will be used for verification and validation. | Once validated, these biomarkers will be integrated into an innovative, fast, and reliable diagnostic test to predict vaccine responsiveness, through collaboration of an experienced industrial partner. | Additionally, our team will create a user-interface app to translate biomarker measurements into diagnostic outcome. | By enabling personalized vaccine strategies particularly for patients, this project has the potential to significantly improve influenza vaccine efficacy, reduce disease burden and ultimately save lives.","The project directly develops and validates biomarkers, a prediction model, and a diagnostic assay to identify influenza-vaccine responsiveness, with the stated purpose of supporting personalized vaccination for vulnerable patients. This is a concrete, target-specific risk-reduction capacity at project scale, even though personalized vaccination decisions and wider health outcomes depend on subsequent use.",UNDETERMINED,No literal Horizon Europe/framework-programme mention in explanation. Mechanical screening only; implicit dependence cannot be established or excluded. No semantic judgment or label change.
101220159,12.5,WEAK,INDIRECT,"However, controlling material degradation and reprocessing issues in NPPs remains surprisingly understudied due to the extreme operating conditions. | Up to 95% of uranium from spent nuclear fuel can be recycled through reprocessing in concentrated nitric acid at temperatures exceeding 100°C, although the underlying mechanisms and the role of alloying elements in the fuel container are not yet well understood.Electrochemical methods have been applied in these extreme electrolytes to investigate materials degradation mechanisms providing in situ global responses. | To bridge the gap, the URANUS project will develop a novel element-resolved electrochemistry setup for extreme electrolytes, leveraging the unique expertise of the PI in this field.Element-by-element degradation mechanisms of metallic materials in concentrated nitric acid will be elucidated for the first time, tracking the fate of each alloying element. | This will open new avenues for controlling the corrosion of materials in the energy sector.","The project conducts target-relevant research into material degradation and alloying-element behavior under the conditions used to reprocess spent nuclear fuel, with the stated aim of supporting corrosion control. However, it does not itself reprocess or recycle spent fuel; a distinct downstream action must apply these findings to the reprocessing system.",UNDETERMINED,No literal Horizon Europe/framework-programme mention in explanation. Mechanical screening only; implicit dependence cannot be established or excluded. No semantic judgment or label change.
101220159,8.4,WEAK,INDIRECT,"To bridge the gap, the URANUS project will develop a novel element-resolved electrochemistry setup for extreme electrolytes, leveraging the unique expertise of the PI in this field.Element-by-element degradation mechanisms of metallic materials in concentrated nitric acid will be elucidated for the first time, tracking the fate of each alloying element. | The unique element-resolved database generated from this project will serve as input parameters for training machine learning models aimed at efficiently discovering optimal alloys in specific environments, thereby reducing the consumption of raw and scarce materials during the materials design process.","The project develops element-resolved electrochemistry and generates degradation data intended to train machine-learning models for discovering alloys that use less raw and scarce material. This is a target-specific research input and design-enabling pathway, but the project does not itself establish or implement more resource-efficient production or materials consumption.",UNDETERMINED,No literal Horizon Europe/framework-programme mention in explanation. Mechanical screening only; implicit dependence cannot be established or excluded. No semantic judgment or label change.
101225153,9.5,STRONG,DIRECT,"The phylogenetic, biochemical and functional diversity of these linked RGNs suggest a common origin that gave rise to the innumerable variations we observe today. | However, little is known about these ancestors and the evolutionary paths that led to their modern counterparts. | Recently, our team showed that reconstructed ancestors of Cas9 and Cas12a RGNs exhibit flexible substrate recognition and collateral activities distinct from any modern counterpart. | Reconstruct a detailed ancestral tree uniting RuvC-harboring RGNs. | Define the properties and functional roles of ancestral RGNs. | Explore molecular features and dynamics of ancestral RGNs.","The project directly conducts original research into the ancestry, evolution, and functional properties of RNA-guided nucleases, including reconstructing ancestral trees and investigating molecular features. Scientific research itself is the operative component, so the project performs it at its own scale; subsequent translation into improved tools is not required for this component.",UNDETERMINED,No literal Horizon Europe/framework-programme mention in explanation. Mechanical screening only; implicit dependence cannot be established or excluded. No semantic judgment or label change.
101229851,15.1,WEAK,INDIRECT,"The timing and duration of leaf emergence in temperate trees are critical for ecosystem functioning, biodiversity, and climate regulation. | Although spring leaf emergence is advancing with climate warming, insufficient winter chilling could eventually override spring warming effects, delaying or even halting leaf emergence.The project aims to: (1) experimentally quantify chilling temperature thresholds for over 200 woody species across temperate and boreal forests, including the relative importance of day versus night temperatures in dormancy release; | and (3) integrate experimental findings with 15–25 years of unique long-term common garden observations from species across the globe, as well as satellite observations. | These insights will inform the development of refined phenology models, which can then be incorporated into dynamic global vegetation models to predict phenological shifts and their effects on forest productivity and ecosystem dynamics under future climate scenarios.By combining large-scale experiments, extensive observational datasets, and advanced modelling techniques, this interdisciplinary project bridges local empirical studies with global modelling. | Its findings will advance phenology models, enhance carbon flux predictions, and support strategies to mitigate biodiversity loss and ecosystem disruptions in temperate and boreal forests under a rapidly changing climate.","The project conducts forest-focused experiments, integrates long-term and satellite observations, and develops phenology models to predict forest productivity and ecosystem dynamics under climate change. This provides substantial, target-specific research and modelling capacity relevant to forest conservation and sustainable use, but the findings support rather than themselves carry out conservation, restoration, or sustainable-use management actions.",UNDETERMINED,No literal Horizon Europe/framework-programme mention in explanation. Mechanical screening only; implicit dependence cannot be established or excluded. No semantic judgment or label change.
101229851,15.5,WEAK,INDIRECT,"The timing and duration of leaf emergence in temperate trees are critical for ecosystem functioning, biodiversity, and climate regulation. | Although spring leaf emergence is advancing with climate warming, insufficient winter chilling could eventually override spring warming effects, delaying or even halting leaf emergence.The project aims to: (1) experimentally quantify chilling temperature thresholds for over 200 woody species across temperate and boreal forests, including the relative importance of day versus night temperatures in dormancy release; | and (3) integrate experimental findings with 15–25 years of unique long-term common garden observations from species across the globe, as well as satellite observations. | These insights will inform the development of refined phenology models, which can then be incorporated into dynamic global vegetation models to predict phenological shifts and their effects on forest productivity and ecosystem dynamics under future climate scenarios.By combining large-scale experiments, extensive observational datasets, and advanced modelling techniques, this interdisciplinary project bridges local empirical studies with global modelling. | Its findings will advance phenology models, enhance carbon flux predictions, and support strategies to mitigate biodiversity loss and ecosystem disruptions in temperate and boreal forests under a rapidly changing climate.","The project conducts experiments, combines long-term and satellite observations, and advances phenology and vegetation models to predict climate-driven changes in forest ecosystem dynamics. These are substantial, target-specific research and modelling capacities, but the project does not itself protect habitats, prevent species extinction, or implement conservation measures; strategies and action to mitigate biodiversity loss remain downstream.",UNDETERMINED,No literal Horizon Europe/framework-programme mention in explanation. Mechanical screening only; implicit dependence cannot be established or excluded. No semantic judgment or label change.
101264391,9.5,STRONG,DIRECT,"HIDTECH fills these gaps by pioneering a novel methodology to reconstruct these hidden technologies across Europe and the Levant, from the Upper Palaeolithic to the Early Neolithic. | Our approach integrates AI-driven quantitative use-wear analysis of durable tools (stone, bone, shell) from habitation sites and grave offerings, combined with robotic dental experiments and analysis of anterior tooth wear, revealing the use of teeth as tools. | Use-wear on tools from habitation sites will enable reconstruction of missing hide and plant technologies, while analysis of grave offerings and anterior teeth of sexed individuals (identified by proteomics) will link both hidden technologies to gendered labor roles. | By quantifying innovation rates in hide and plant-fibre technologies and correlating them with environmental, demographic, and social connectivity data, HIDTECH provides the first large-scale empirical framework for understanding factors shaping the development and transmission of these technologies.","The project directly conducts original scientific research, developing and applying an integrative method to reconstruct hidden technologies and study their innovation and transmission. Research is itself the operative component, so the project instantiates it at project scale; the contribution does not depend on a later actor creating a distinct research mechanism. Its scope is explicitly a novel methodology and empirical framework for this archaeological subject, rather than broader industrial technological upgrading or R&D spending and workforce outcomes, which are not needed to establish the selected research component.",UNDETERMINED,No literal Horizon Europe/framework-programme mention in explanation. Mechanical screening only; implicit dependence cannot be established or excluded. No semantic judgment or label change.
